source_root,run_name,split,checkpoint,infer_id,duplicate_rank,duplicate_count,run_dir,metrics_path,modified_time,build.retrieval.top_k,build.retrieval.mmr_lambda,build.retrieval.selection_method,sensitivity.theta_s,sensitivity.theta_r,sensitivity.lambda_low,sensitivity.gating_mode,num_samples,accuracy,macro_precision,macro_recall,macro_f1,parse_error_rate,per_class.pants-fire.precision,per_class.pants-fire.recall,per_class.pants-fire.f1,per_class.false.precision,per_class.false.recall,per_class.false.f1,per_class.barely-true.precision,per_class.barely-true.recall,per_class.barely-true.f1,per_class.half-true.precision,per_class.half-true.recall,per_class.half-true.f1,per_class.mostly-true.precision,per_class.mostly-true.recall,per_class.mostly-true.f1,per_class.true.precision,per_class.true.recall,per_class.true.f1
b3_mmr_topk_sweep_1024,"build.retrieval.mmr_lambda-0.7,build.retrieval.top_k-0__826481ae",test,best,79d8b34809bb,1,1,"/home/fenglin/project/fact-checking/outputs/runs/b3_mmr_topk_sweep_1024/build.retrieval.mmr_lambda-0.7,build.retrieval.top_k-0__826481ae","/home/fenglin/project/fact-checking/outputs/runs/b3_mmr_topk_sweep_1024/build.retrieval.mmr_lambda-0.7,build.retrieval.top_k-0__826481ae/infer/test/best/79d8b34809bb/api/metrics.json",2026-05-13T09:47:09,0,0.7,,,,,,1251,0.265387689848,0.238921534978,0.271380912525,0.207291624831,0,0.242424242424,0.372093023256,0.293577981651,0.250684931507,0.734939759036,0.373850868233,0.142857142857,0.0047619047619,0.00921658986169,0.276729559748,0.167300380228,0.208530805687,0.1875,0.0126050420168,0.023622047244,0.333333333333,0.336585365854,0.33495145631
b3_mmr_topk_sweep_1024,"build.retrieval.mmr_lambda-0.7,build.retrieval.top_k-1__d9ea37d1",test,best,79d8b34809bb,1,1,"/home/fenglin/project/fact-checking/outputs/runs/b3_mmr_topk_sweep_1024/build.retrieval.mmr_lambda-0.7,build.retrieval.top_k-1__d9ea37d1","/home/fenglin/project/fact-checking/outputs/runs/b3_mmr_topk_sweep_1024/build.retrieval.mmr_lambda-0.7,build.retrieval.top_k-1__d9ea37d1/infer/test/best/79d8b34809bb/api/metrics.json",2026-05-13T09:47:10,1,0.7,,,,,,1251,0.275779376499,0.276069430855,0.276876963743,0.266730448869,0,0.280373831776,0.348837209302,0.310880829015,0.292307692308,0.457831325301,0.356807511737,0.196721311475,0.114285714286,0.144578313253,0.258566978193,0.315589353612,0.284246575342,0.261780104712,0.210084033613,0.2331002331,0.366666666667,0.214634146341,0.270769230769
b3_mmr_topk_sweep_1024,"build.retrieval.mmr_lambda-0.7,build.retrieval.top_k-2__14d66b72",test,best,79d8b34809bb,1,1,"/home/fenglin/project/fact-checking/outputs/runs/b3_mmr_topk_sweep_1024/build.retrieval.mmr_lambda-0.7,build.retrieval.top_k-2__14d66b72","/home/fenglin/project/fact-checking/outputs/runs/b3_mmr_topk_sweep_1024/build.retrieval.mmr_lambda-0.7,build.retrieval.top_k-2__14d66b72/infer/test/best/79d8b34809bb/api/metrics.json",2026-05-13T09:47:10,2,0.7,,,,,,1251,0.270183852918,0.272108124067,0.287341880373,0.273158577956,0,0.298507462687,0.46511627907,0.363636363636,0.291176470588,0.397590361446,0.336162988115,0.178403755869,0.180952380952,0.179669030732,0.273913043478,0.239543726236,0.255578093306,0.283505154639,0.231092436975,0.254629629629,0.307142857143,0.209756097561,0.249275362318
b3_mmr_topk_sweep_1024,"build.retrieval.mmr_lambda-0.7,build.retrieval.top_k-3__764bfb33",test,best,79d8b34809bb,1,1,"/home/fenglin/project/fact-checking/outputs/runs/b3_mmr_topk_sweep_1024/build.retrieval.mmr_lambda-0.7,build.retrieval.top_k-3__764bfb33","/home/fenglin/project/fact-checking/outputs/runs/b3_mmr_topk_sweep_1024/build.retrieval.mmr_lambda-0.7,build.retrieval.top_k-3__764bfb33/infer/test/best/79d8b34809bb/api/metrics.json",2026-05-13T09:47:10,3,0.7,,,,,,1251,0.270983213429,0.282549538285,0.282635570845,0.277109970951,0,0.289473684211,0.383720930233,0.33,0.325688073394,0.285140562249,0.304068522483,0.195046439628,0.3,0.236397748592,0.269090909091,0.281368821293,0.275092936802,0.275862068966,0.201680672269,0.233009708737,0.340136054422,0.243902439024,0.28409090909
b3_mmr_topk_sweep_1024,"build.retrieval.mmr_lambda-0.7,build.retrieval.top_k-4__3c6ef0b3",test,best,79d8b34809bb,1,1,"/home/fenglin/project/fact-checking/outputs/runs/b3_mmr_topk_sweep_1024/build.retrieval.mmr_lambda-0.7,build.retrieval.top_k-4__3c6ef0b3","/home/fenglin/project/fact-checking/outputs/runs/b3_mmr_topk_sweep_1024/build.retrieval.mmr_lambda-0.7,build.retrieval.top_k-4__3c6ef0b3/infer/test/best/79d8b34809bb/api/metrics.json",2026-05-13T09:47:10,4,0.7,,,,,,1251,0.270983213429,0.287828214901,0.278135568725,0.272898449318,0,0.307692307692,0.372093023256,0.336842105263,0.297101449275,0.329317269076,0.31238095238,0.192028985507,0.252380952381,0.218106995884,0.275590551181,0.266159695817,0.27079303675,0.274809160305,0.302521008403,0.288,0.379746835443,0.146341463415,0.211267605633
b3_mmr_topk_sweep_1024,"build.retrieval.mmr_lambda-0.7,build.retrieval.top_k-5__b23a0bbe",test,best,79d8b34809bb,1,1,"/home/fenglin/project/fact-checking/outputs/runs/b3_mmr_topk_sweep_1024/build.retrieval.mmr_lambda-0.7,build.retrieval.top_k-5__b23a0bbe","/home/fenglin/project/fact-checking/outputs/runs/b3_mmr_topk_sweep_1024/build.retrieval.mmr_lambda-0.7,build.retrieval.top_k-5__b23a0bbe/infer/test/best/79d8b34809bb/api/metrics.json",2026-05-13T09:47:10,5,0.7,,,,,,1251,0.270183852918,0.281320068591,0.284368374867,0.276910921229,0,0.27868852459,0.395348837209,0.326923076923,0.32380952381,0.273092369478,0.296296296296,0.19512195122,0.304761904762,0.237918215613,0.264367816092,0.262357414449,0.263358778625,0.278106508876,0.197478991597,0.230958230958,0.347826086957,0.273170731707,0.306010928961
b3_mmr_topk_sweep_1024,"build.retrieval.mmr_lambda-0.7,build.retrieval.top_k-6__b9900ce8",test,best,79d8b34809bb,1,1,"/home/fenglin/project/fact-checking/outputs/runs/b3_mmr_topk_sweep_1024/build.retrieval.mmr_lambda-0.7,build.retrieval.top_k-6__b9900ce8","/home/fenglin/project/fact-checking/outputs/runs/b3_mmr_topk_sweep_1024/build.retrieval.mmr_lambda-0.7,build.retrieval.top_k-6__b9900ce8/infer/test/best/79d8b34809bb/api/metrics.json",2026-05-13T10:06:59,6,0.7,,,,,,1251,0.268585131894,0.282078870595,0.277226930435,0.274636776156,0,0.30303030303,0.348837209302,0.324324324324,0.316239316239,0.29718875502,0.306418219461,0.19512195122,0.304761904762,0.237918215613,0.260714285714,0.277566539924,0.268876611418,0.259259259259,0.176470588235,0.21,0.358108108108,0.258536585366,0.300283286118
b3_mmr_topk_sweep_1024,"build.retrieval.mmr_lambda-0.7,build.retrieval.top_k-7__5b686e8c",test,best,79d8b34809bb,1,1,"/home/fenglin/project/fact-checking/outputs/runs/b3_mmr_topk_sweep_1024/build.retrieval.mmr_lambda-0.7,build.retrieval.top_k-7__5b686e8c","/home/fenglin/project/fact-checking/outputs/runs/b3_mmr_topk_sweep_1024/build.retrieval.mmr_lambda-0.7,build.retrieval.top_k-7__5b686e8c/infer/test/best/79d8b34809bb/api/metrics.json",2026-05-13T13:51:55,7,0.7,,,,,,1251,0.274980015987,0.291071519017,0.279364308594,0.274416498677,0,0.31,0.360465116279,0.333333333333,0.307210031348,0.393574297189,0.345070422535,0.19465648855,0.242857142857,0.216101694915,0.262798634812,0.292775665399,0.276978417266,0.284263959391,0.235294117647,0.257471264367,0.3875,0.151219512195,0.217543859649
b3_mmr_topk_sweep_1024,"build.retrieval.mmr_lambda-0.7,build.retrieval.top_k-8__f1516068",test,best,79d8b34809bb,1,1,"/home/fenglin/project/fact-checking/outputs/runs/b3_mmr_topk_sweep_1024/build.retrieval.mmr_lambda-0.7,build.retrieval.top_k-8__f1516068","/home/fenglin/project/fact-checking/outputs/runs/b3_mmr_topk_sweep_1024/build.retrieval.mmr_lambda-0.7,build.retrieval.top_k-8__f1516068/infer/test/best/79d8b34809bb/api/metrics.json",2026-05-13T13:51:56,8,0.7,,,,,,1251,0.274980015987,0.278515433387,0.275364128205,0.267337326841,0,0.287128712871,0.337209302326,0.310160427807,0.282051282051,0.441767068273,0.344287949921,0.21768707483,0.152380952381,0.179271708683,0.261904761905,0.334600760456,0.293823038397,0.272727272727,0.176470588235,0.214285714285,0.349593495935,0.209756097561,0.262195121951
heuristic_lambda_mmr,33088d994dd4,test,best,79d8b34809bb,1,1,/home/fenglin/project/fact-checking/outputs/runs/heuristic_lambda_mmr/33088d994dd4,/home/fenglin/project/fact-checking/outputs/runs/heuristic_lambda_mmr/33088d994dd4/infer/test/best/79d8b34809bb/api/metrics.json,2026-05-14T12:54:23,5,0.7,,,,,,1251,0.27657873701,0.280514171339,0.292781034032,0.279905240209,0,0.267605633803,0.441860465116,0.333333333333,0.32380952381,0.273092369478,0.296296296296,0.216101694915,0.242857142857,0.228699551569,0.262686567164,0.334600760456,0.29431438127,0.26582278481,0.176470588235,0.212121212121,0.347058823529,0.287804878049,0.314666666666
mmr_sensitivity_gated,ts0p8_tr0p3_ll0p2_basic__9a7f2ee7,test,best,79d8b34809bb,1,1,/home/fenglin/project/fact-checking/outputs/runs/mmr_sensitivity_gated/ts0p8_tr0p3_ll0p2_basic__9a7f2ee7,/home/fenglin/project/fact-checking/outputs/runs/mmr_sensitivity_gated/ts0p8_tr0p3_ll0p2_basic__9a7f2ee7/infer/test/best/79d8b34809bb/api/metrics.json,2026-05-14T17:22:32,5,0.7,,0.8,0.3,0.2,basic,1251,0.274180655476,0.291765574852,0.287190134297,0.279483490943,0,0.280991735537,0.395348837209,0.328502415458,0.309803921569,0.317269076305,0.313492063492,0.205438066465,0.32380952381,0.251386321626,0.256880733945,0.212927756654,0.232848232848,0.285714285714,0.268907563025,0.277056277056,0.411764705882,0.20487804878,0.273615635179
mmr_topk_sweep_infer,"build.retrieval.mmr_lambda-0.7,build.retrieval.top_k-0__8283349c",test,best,98a1917c4eb9,1,2,"/home/fenglin/project/fact-checking/outputs/runs/mmr_topk_sweep_infer/build.retrieval.mmr_lambda-0.7,build.retrieval.top_k-0__8283349c","/home/fenglin/project/fact-checking/outputs/runs/mmr_topk_sweep_infer/build.retrieval.mmr_lambda-0.7,build.retrieval.top_k-0__8283349c/infer/test/best/98a1917c4eb9/api/metrics.json",2026-05-12T15:35:19,0,0.7,,,,,,1251,0.123101518785,0.166341467509,0.194351183815,0.088475236792,0,0.0960757780785,0.825581395349,0.172121212121,0.141826923077,0.236947791165,0.177443609022,0,0,0,0.15625,0.0190114068441,0.0338983050846,0.285714285714,0.0504201680672,0.085714285714,0.318181818182,0.0341463414634,0.0616740088104
mmr_topk_sweep_infer,"build.retrieval.mmr_lambda-0.7,build.retrieval.top_k-0__8283349c",test,best,9a002ceb9c81,2,2,"/home/fenglin/project/fact-checking/outputs/runs/mmr_topk_sweep_infer/build.retrieval.mmr_lambda-0.7,build.retrieval.top_k-0__8283349c","/home/fenglin/project/fact-checking/outputs/runs/mmr_topk_sweep_infer/build.retrieval.mmr_lambda-0.7,build.retrieval.top_k-0__8283349c/infer/test/best/9a002ceb9c81/api/metrics.json",2026-05-12T15:35:19,0,0.7,,,,,,1251,0.123101518785,0.166341467509,0.194351183815,0.088475236792,0,0.0960757780785,0.825581395349,0.172121212121,0.141826923077,0.236947791165,0.177443609022,0,0,0,0.15625,0.0190114068441,0.0338983050846,0.285714285714,0.0504201680672,0.085714285714,0.318181818182,0.0341463414634,0.0616740088104
mmr_topk_sweep_infer,"build.retrieval.mmr_lambda-0.7,build.retrieval.top_k-2__ab9ab486",test,best,7cefc941117a,1,2,"/home/fenglin/project/fact-checking/outputs/runs/mmr_topk_sweep_infer/build.retrieval.mmr_lambda-0.7,build.retrieval.top_k-2__ab9ab486","/home/fenglin/project/fact-checking/outputs/runs/mmr_topk_sweep_infer/build.retrieval.mmr_lambda-0.7,build.retrieval.top_k-2__ab9ab486/infer/test/best/7cefc941117a/api/metrics.json",2026-05-12T15:35:19,2,0.7,,,,,,1251,0.229416466827,0.241067052638,0.236613362732,0.225713514925,0,0.266666666667,0.325581395349,0.293193717277,0.283950617284,0.369477911647,0.321116928446,0.164086687307,0.252380952381,0.198874296435,0.188841201717,0.167300380228,0.177419354838,0.257142857143,0.226890756303,0.241071428571,0.285714285714,0.0780487804878,0.122605363984
mmr_topk_sweep_infer,"build.retrieval.mmr_lambda-0.7,build.retrieval.top_k-2__ab9ab486",test,best,ba745f87dcd7,2,2,"/home/fenglin/project/fact-checking/outputs/runs/mmr_topk_sweep_infer/build.retrieval.mmr_lambda-0.7,build.retrieval.top_k-2__ab9ab486","/home/fenglin/project/fact-checking/outputs/runs/mmr_topk_sweep_infer/build.retrieval.mmr_lambda-0.7,build.retrieval.top_k-2__ab9ab486/infer/test/best/ba745f87dcd7/api/metrics.json",2026-05-12T15:35:19,2,0.7,,,,,,1251,0.224620303757,0.233711942291,0.225926195262,0.21635384472,0,0.244680851064,0.267441860465,0.255555555555,0.284482758621,0.397590361446,0.331658291457,0.15923566879,0.238095238095,0.190839694656,0.185520361991,0.155893536122,0.169421487603,0.237442922374,0.218487394958,0.227571115973,0.290909090909,0.0780487804878,0.123076923077
mmr_topk_sweep_infer,"build.retrieval.mmr_lambda-0.7,build.retrieval.top_k-4__21b2059b",test,best,d2c71894aef4,1,2,"/home/fenglin/project/fact-checking/outputs/runs/mmr_topk_sweep_infer/build.retrieval.mmr_lambda-0.7,build.retrieval.top_k-4__21b2059b","/home/fenglin/project/fact-checking/outputs/runs/mmr_topk_sweep_infer/build.retrieval.mmr_lambda-0.7,build.retrieval.top_k-4__21b2059b/infer/test/best/d2c71894aef4/api/metrics.json",2026-05-12T15:35:19,4,0.7,,,,,,1251,0.235811350919,0.254355650211,0.234299122328,0.230938532532,0,0.305555555556,0.255813953488,0.278481012658,0.290657439446,0.33734939759,0.312267657992,0.169139465875,0.271428571429,0.208409506398,0.212230215827,0.22433460076,0.218114602587,0.260089686099,0.243697478992,0.251626898047,0.288461538462,0.0731707317073,0.116731517509
mmr_topk_sweep_infer,"build.retrieval.mmr_lambda-0.7,build.retrieval.top_k-4__21b2059b",test,best,f4015acb91b1,2,2,"/home/fenglin/project/fact-checking/outputs/runs/mmr_topk_sweep_infer/build.retrieval.mmr_lambda-0.7,build.retrieval.top_k-4__21b2059b","/home/fenglin/project/fact-checking/outputs/runs/mmr_topk_sweep_infer/build.retrieval.mmr_lambda-0.7,build.retrieval.top_k-4__21b2059b/infer/test/best/f4015acb91b1/api/metrics.json",2026-05-12T15:35:19,4,0.7,,,,,,1251,0.238209432454,0.252569126852,0.235784839781,0.230595341428,0,0.295774647887,0.244186046512,0.267515923566,0.286231884058,0.317269076305,0.300952380952,0.175977653631,0.3,0.221830985915,0.223529411765,0.216730038023,0.220077220077,0.268595041322,0.273109243697,0.270833333333,0.265306122449,0.0634146341463,0.102362204724
mmr_topk_sweep_infer,"build.retrieval.mmr_lambda-0.7,build.retrieval.top_k-6__93d6f740",test,best,386a61d4fdb4,1,2,"/home/fenglin/project/fact-checking/outputs/runs/mmr_topk_sweep_infer/build.retrieval.mmr_lambda-0.7,build.retrieval.top_k-6__93d6f740","/home/fenglin/project/fact-checking/outputs/runs/mmr_topk_sweep_infer/build.retrieval.mmr_lambda-0.7,build.retrieval.top_k-6__93d6f740/infer/test/best/386a61d4fdb4/api/metrics.json",2026-05-12T15:35:19,6,0.7,,,,,,1251,0.233413269384,0.276208142071,0.234231557812,0.233325220589,0,0.323943661972,0.267441860465,0.292993630573,0.314893617021,0.29718875502,0.305785123966,0.158441558442,0.290476190476,0.205042016806,0.203448275862,0.22433460076,0.213381555153,0.25652173913,0.247899159664,0.252136752136,0.4,0.0780487804878,0.130612244898
mmr_topk_sweep_infer,"build.retrieval.mmr_lambda-0.7,build.retrieval.top_k-6__93d6f740",test,best,bd583eff3efe,2,2,"/home/fenglin/project/fact-checking/outputs/runs/mmr_topk_sweep_infer/build.retrieval.mmr_lambda-0.7,build.retrieval.top_k-6__93d6f740","/home/fenglin/project/fact-checking/outputs/runs/mmr_topk_sweep_infer/build.retrieval.mmr_lambda-0.7,build.retrieval.top_k-6__93d6f740/infer/test/best/bd583eff3efe/api/metrics.json",2026-05-12T15:35:19,6,0.7,,,,,,1251,0.242206235012,0.286079657515,0.242929170253,0.241983744364,0,0.323943661972,0.267441860465,0.292993630573,0.330275229358,0.289156626506,0.30835117773,0.172839506173,0.333333333333,0.227642276422,0.203333333333,0.231939163498,0.216696269982,0.276995305164,0.247899159664,0.261640798226,0.409090909091,0.0878048780488,0.144578313253
mmr_topk_sweep_infer,"build.retrieval.mmr_lambda-0.7,build.retrieval.top_k-8__9e605e05",test,best,e7ce47ec59f2,1,1,"/home/fenglin/project/fact-checking/outputs/runs/mmr_topk_sweep_infer/build.retrieval.mmr_lambda-0.7,build.retrieval.top_k-8__9e605e05","/home/fenglin/project/fact-checking/outputs/runs/mmr_topk_sweep_infer/build.retrieval.mmr_lambda-0.7,build.retrieval.top_k-8__9e605e05/infer/test/best/e7ce47ec59f2/api/metrics.json",2026-05-12T15:35:19,8,0.7,,,,,,1251,0.256594724221,0.291052195531,0.249581569795,0.250954803723,0,0.307692307692,0.232558139535,0.264900662251,0.326612903226,0.325301204819,0.325955734406,0.174846625767,0.271428571429,0.212686567164,0.243076923077,0.300380228137,0.268707482993,0.262711864407,0.260504201681,0.261603375527,0.43137254902,0.107317073171,0.171875
mmr_topk_sweep_infer,"build.retrieval.mmr_lambda-0.7,build.retrieval.top_k-10__09382603",test,best,f7aacf52ba20,1,1,"/home/fenglin/project/fact-checking/outputs/runs/mmr_topk_sweep_infer/build.retrieval.mmr_lambda-0.7,build.retrieval.top_k-10__09382603","/home/fenglin/project/fact-checking/outputs/runs/mmr_topk_sweep_infer/build.retrieval.mmr_lambda-0.7,build.retrieval.top_k-10__09382603/infer/test/best/f7aacf52ba20/api/metrics.json",2026-05-12T15:35:19,10,0.7,,,,,,1251,0.240607513989,0.263883095494,0.236902992335,0.236023868902,0,0.305555555556,0.255813953488,0.278481012658,0.297071129707,0.285140562249,0.290983606557,0.174216027875,0.238095238095,0.20120724346,0.230563002681,0.326996197719,0.270440251572,0.236607142857,0.22268907563,0.229437229437,0.339285714286,0.0926829268293,0.145593869731
mmr_topk_sweep_infer,"build.retrieval.mmr_lambda-0.7,build.retrieval.top_k-12__21d39f02",test,best,f19ed0a01475,1,1,"/home/fenglin/project/fact-checking/outputs/runs/mmr_topk_sweep_infer/build.retrieval.mmr_lambda-0.7,build.retrieval.top_k-12__21d39f02","/home/fenglin/project/fact-checking/outputs/runs/mmr_topk_sweep_infer/build.retrieval.mmr_lambda-0.7,build.retrieval.top_k-12__21d39f02/infer/test/best/f19ed0a01475/api/metrics.json",2026-05-12T15:35:19,12,0.7,,,,,,1251,0.254996003197,0.273334547012,0.250234689137,0.248786256569,0,0.297297297297,0.255813953488,0.274999999999,0.275,0.265060240964,0.269938650306,0.202127659574,0.271428571429,0.231707317073,0.256130790191,0.357414448669,0.298412698412,0.255605381166,0.239495798319,0.247288503253,0.353846153846,0.112195121951,0.17037037037
mmr_topk_sweep_infer,"build.retrieval.mmr_lambda-0.7,build.retrieval.top_k-14__ab3b17c8",test,best,558de893f23f,1,1,"/home/fenglin/project/fact-checking/outputs/runs/mmr_topk_sweep_infer/build.retrieval.mmr_lambda-0.7,build.retrieval.top_k-14__ab3b17c8","/home/fenglin/project/fact-checking/outputs/runs/mmr_topk_sweep_infer/build.retrieval.mmr_lambda-0.7,build.retrieval.top_k-14__ab3b17c8/infer/test/best/558de893f23f/api/metrics.json",2026-05-12T15:35:19,14,0.7,,,,,,1251,0.258992805755,0.282244426332,0.253688727019,0.254943862049,0,0.297297297297,0.255813953488,0.274999999999,0.286885245902,0.281124497992,0.283975659229,0.191881918819,0.247619047619,0.216216216216,0.244897959184,0.365019011407,0.293129770992,0.280612244898,0.231092436975,0.253456221198,0.391891891892,0.141463414634,0.207885304659
mmr_topk_sweep_infer,"build.retrieval.mmr_lambda-0.7,build.retrieval.top_k-16__bdc64fdd",test,best,81def46d7ce8,1,1,"/home/fenglin/project/fact-checking/outputs/runs/mmr_topk_sweep_infer/build.retrieval.mmr_lambda-0.7,build.retrieval.top_k-16__bdc64fdd","/home/fenglin/project/fact-checking/outputs/runs/mmr_topk_sweep_infer/build.retrieval.mmr_lambda-0.7,build.retrieval.top_k-16__bdc64fdd/infer/test/best/81def46d7ce8/api/metrics.json",2026-05-12T15:35:19,16,0.7,,,,,,1251,0.26618705036,0.290193121601,0.258470519024,0.262024107026,0,0.333333333333,0.244186046512,0.28187919463,0.302521008403,0.289156626506,0.29568788501,0.184782608696,0.242857142857,0.209876543209,0.25495049505,0.391634980989,0.308845577211,0.29347826087,0.226890756303,0.255924170616,0.372093023256,0.156097560976,0.219931271477
mmr_topk_sweep_infer,"build.retrieval.mmr_lambda-0.7,build.retrieval.top_k-18__848f6a1a",test,best,2bf8b25abbbe,1,1,"/home/fenglin/project/fact-checking/outputs/runs/mmr_topk_sweep_infer/build.retrieval.mmr_lambda-0.7,build.retrieval.top_k-18__848f6a1a","/home/fenglin/project/fact-checking/outputs/runs/mmr_topk_sweep_infer/build.retrieval.mmr_lambda-0.7,build.retrieval.top_k-18__848f6a1a/infer/test/best/2bf8b25abbbe/api/metrics.json",2026-05-12T15:35:19,18,0.7,,,,,,1251,0.274180655476,0.297802894137,0.262969473081,0.265705945228,0,0.345454545455,0.220930232558,0.269503546099,0.315352697095,0.305220883534,0.310204081632,0.222222222222,0.27619047619,0.246284501061,0.252336448598,0.410646387833,0.312590448625,0.281081081081,0.218487394958,0.24586288416,0.37037037037,0.146341463415,0.20979020979
mmr_topk_sweep_infer,"build.retrieval.mmr_lambda-0.7,build.retrieval.top_k-20__191bb752",test,best,b2358170fa12,1,1,"/home/fenglin/project/fact-checking/outputs/runs/mmr_topk_sweep_infer/build.retrieval.mmr_lambda-0.7,build.retrieval.top_k-20__191bb752","/home/fenglin/project/fact-checking/outputs/runs/mmr_topk_sweep_infer/build.retrieval.mmr_lambda-0.7,build.retrieval.top_k-20__191bb752/infer/test/best/b2358170fa12/api/metrics.json",2026-05-12T15:35:19,20,0.7,,,,,,1251,0.27657873701,0.310481528795,0.26873451272,0.272947067349,0,0.366666666667,0.255813953488,0.301369863013,0.334763948498,0.313253012048,0.323651452282,0.212927756654,0.266666666667,0.236786469344,0.240274599542,0.399239543726,0.3,0.297297297297,0.231092436975,0.260047281323,0.41095890411,0.146341463415,0.215827338129
mmr_topk_sweep_infer,"build.retrieval.mmr_lambda-0.7,build.retrieval.top_k-22__ede2b82b",test,best,e270cb01c727,1,1,"/home/fenglin/project/fact-checking/outputs/runs/mmr_topk_sweep_infer/build.retrieval.mmr_lambda-0.7,build.retrieval.top_k-22__ede2b82b","/home/fenglin/project/fact-checking/outputs/runs/mmr_topk_sweep_infer/build.retrieval.mmr_lambda-0.7,build.retrieval.top_k-22__ede2b82b/infer/test/best/e270cb01c727/api/metrics.json",2026-05-12T15:35:19,22,0.7,,,,,,1251,0.262190247802,0.288391379648,0.252491577497,0.253595993302,0,0.344827586207,0.232558139535,0.277777777777,0.301652892562,0.293172690763,0.297352342158,0.200787401575,0.242857142857,0.219827586206,0.249438202247,0.422053231939,0.313559322033,0.256830601093,0.197478991597,0.223277909738,0.376811594203,0.126829268293,0.189781021897
mmr_topk_sweep_infer,"build.retrieval.mmr_lambda-0.7,build.retrieval.top_k-24__89425e76",test,best,8311d51dd899,1,1,"/home/fenglin/project/fact-checking/outputs/runs/mmr_topk_sweep_infer/build.retrieval.mmr_lambda-0.7,build.retrieval.top_k-24__89425e76","/home/fenglin/project/fact-checking/outputs/runs/mmr_topk_sweep_infer/build.retrieval.mmr_lambda-0.7,build.retrieval.top_k-24__89425e76/infer/test/best/8311d51dd899/api/metrics.json",2026-05-12T15:35:19,24,0.7,,,,,,1251,0.270983213429,0.29500292883,0.26189839944,0.261845007651,0,0.368421052632,0.244186046512,0.293706293706,0.3125,0.301204819277,0.306748466257,0.233463035019,0.285714285714,0.256959314775,0.251101321586,0.433460076046,0.317991631799,0.25730994152,0.18487394958,0.215158924205,0.347222222222,0.121951219512,0.180505415162
mmr_topk_sweep_infer,"build.retrieval.mmr_lambda-0.7,build.retrieval.top_k-26__8b5ae44e",test,best,30b0ec85c3a3,1,1,"/home/fenglin/project/fact-checking/outputs/runs/mmr_topk_sweep_infer/build.retrieval.mmr_lambda-0.7,build.retrieval.top_k-26__8b5ae44e","/home/fenglin/project/fact-checking/outputs/runs/mmr_topk_sweep_infer/build.retrieval.mmr_lambda-0.7,build.retrieval.top_k-26__8b5ae44e/infer/test/best/30b0ec85c3a3/api/metrics.json",2026-05-12T15:35:19,26,0.7,,,,,,1251,0.266986410871,0.302853766682,0.26034781404,0.262384284645,0,0.418181818182,0.267441860465,0.326241134751,0.302788844622,0.305220883534,0.303999999999,0.224066390041,0.257142857143,0.239467849223,0.23991507431,0.429657794677,0.307901907356,0.259036144578,0.180672268908,0.212871287128,0.373134328358,0.121951219512,0.183823529411
mmr_topk_sweep_infer,"build.retrieval.mmr_lambda-0.7,build.retrieval.top_k-28__c696ff2c",test,best,82107877f01b,1,1,"/home/fenglin/project/fact-checking/outputs/runs/mmr_topk_sweep_infer/build.retrieval.mmr_lambda-0.7,build.retrieval.top_k-28__c696ff2c","/home/fenglin/project/fact-checking/outputs/runs/mmr_topk_sweep_infer/build.retrieval.mmr_lambda-0.7,build.retrieval.top_k-28__c696ff2c/infer/test/best/82107877f01b/api/metrics.json",2026-05-12T15:35:19,28,0.7,,,,,,1251,0.266986410871,0.290887810066,0.256991489636,0.256897146129,0,0.381818181818,0.244186046512,0.297872340425,0.305882352941,0.313253012048,0.309523809523,0.218340611354,0.238095238095,0.227790432801,0.25,0.448669201521,0.321088435374,0.255952380952,0.180672268908,0.211822660098,0.333333333333,0.117073170732,0.173285198556
mmr_topk_sweep_infer,"build.retrieval.mmr_lambda-0.7,build.retrieval.top_k-30__86ba27ab",test,best,9e58df364083,1,1,"/home/fenglin/project/fact-checking/outputs/runs/mmr_topk_sweep_infer/build.retrieval.mmr_lambda-0.7,build.retrieval.top_k-30__86ba27ab","/home/fenglin/project/fact-checking/outputs/runs/mmr_topk_sweep_infer/build.retrieval.mmr_lambda-0.7,build.retrieval.top_k-30__86ba27ab/infer/test/best/9e58df364083/api/metrics.json",2026-05-12T15:35:19,30,0.7,,,,,,1251,0.262989608313,0.292991672701,0.254903299722,0.255661670915,0,0.375,0.244186046512,0.295774647887,0.284552845528,0.281124497992,0.282828282828,0.223529411765,0.271428571429,0.245161290322,0.248888888889,0.425855513308,0.314165497896,0.247191011236,0.18487394958,0.211538461538,0.378787878788,0.121951219512,0.184501845018
mmr_topk_sweep_infer,"build.retrieval.mmr_lambda-0.7,build.retrieval.top_k-32__b4ea4992",test,best,ac476cc8ac43,1,1,"/home/fenglin/project/fact-checking/outputs/runs/mmr_topk_sweep_infer/build.retrieval.mmr_lambda-0.7,build.retrieval.top_k-32__b4ea4992","/home/fenglin/project/fact-checking/outputs/runs/mmr_topk_sweep_infer/build.retrieval.mmr_lambda-0.7,build.retrieval.top_k-32__b4ea4992/infer/test/best/ac476cc8ac43/api/metrics.json",2026-05-12T15:35:19,32,0.7,,,,,,1251,0.264588329337,0.295400166791,0.256323217283,0.258026832279,0,0.375,0.244186046512,0.295774647887,0.297872340426,0.281124497992,0.289256198347,0.224899598394,0.266666666667,0.244008714596,0.240343347639,0.425855513308,0.307270233196,0.262857142857,0.193277310924,0.222760290556,0.371428571429,0.126829268293,0.189090909091
reranker_only,95e32732d7ee,test,best,79d8b34809bb,1,1,/home/fenglin/project/fact-checking/outputs/runs/reranker_only/95e32732d7ee,/home/fenglin/project/fact-checking/outputs/runs/reranker_only/95e32732d7ee/infer/test/best/79d8b34809bb/api/metrics.json,2026-05-14T14:33:13,5,,reranker,,,,,1251,0.269384492406,0.290776006788,0.276544016805,0.274531132653,0,0.333333333333,0.348837209302,0.340909090909,0.309090909091,0.273092369478,0.289978678038,0.213017751479,0.342857142857,0.262773722627,0.264214046823,0.300380228137,0.281138790035,0.25,0.218487394958,0.233183856502,0.375,0.175609756098,0.239202657807
